issue,Gambit_Costume,Gambit_Non-Costume,Magneto_Costume,Magneto_Non-Costume,Nightcrawler_Costume,Nightcrawler_Non-Costume,Storm_Costume,Storm_Non-Costume,Wolverine_Costume,Wolverine_Non-Costume
97,-2.2384529350138725e-19,-8.539742347566607e-21,-0.7882595047909526,-0.03921231848254094,15.221454075073316,4.439317281703604,12.797443001798833,8.397748610753291,13.177441384635586,4.460088488973678
98,-3.6715904979617556e-20,-2.201524046618526e-21,-0.26124971146431764,0.013342339763982114,15.957316837711854,4.533462388965571,13.418773282051792,8.09404969666979,13.396555253543376,4.43851068043499
99,1.5571519707031367e-19,4.342377490312984e-21,0.28342133309984796,0.06660609883313211,16.667893026131523,4.633914023801378,13.956928664903106,7.843733937247199,13.570634680348505,4.369588695517745
100,3.583516912667685e-19,1.129625797168466e-20,0.8642795812870465,0.12087701380567079,17.269590223005967,4.714801762226809,14.342658047005,7.650321044100642,13.676958412584343,4.253508634943885
101,5.718717339215893e-19,1.87484033005814e-20,1.5050435821683648,0.17568208783308503,17.72076502906187,4.635462715681635,14.557093074590904,7.298437807968272,13.710379121261559,4.045585599243569
102,7.917132996053593e-19,2.662091671080963e-20,2.2087792679972997,0.22813067209118917,17.971708770618715,4.272029703470844,14.577205747014032,6.601773306926224,13.662779319963185,3.7255744713554355
103,9.965791582301414e-19,3.4287180564433646e-20,2.890749507071398,0.26643256178238073,17.89850265831419,3.6826108409363414,14.312946726525455,5.709158689279484,13.496586969084293,3.415860264043844
104,1.1537381455499415e-18,4.073396051959491e-20,3.4740492461573567,0.279012077804144,17.426019212825512,2.9732012241436365,13.717960969085526,4.844318545405396,13.212394111297943,3.2510440083106618
105,1.2014585653450623e-18,4.395027629048548e-20,4.000904809854415,0.2640511998077252,16.74850631066977,2.259368576015716,12.98769194259381,4.195409163741848,12.992903671577004,3.271960678282046
106,1.0620075807492924e-18,4.1355613671584413e-20,4.5627863119999095,0.22462439777087012,16.095749334419747,1.64305206449738,12.353849637328802,3.9058652517263917,13.057563838048576,3.4703394963456424
107,6.226483242840798e-19,2.9089068722468085e-20,5.3290076455510365,0.17361844422355954,15.57030833503104,1.1621040107631633,11.951411621145548,3.9758034947346457,13.590692969156796,3.735252734810765
108,-2.4264642023647264e-19,2.7576598590940563e-21,6.448869258373673,0.12417439761790316,15.210846560330944,0.8280254869771542,11.854212384849035,4.335772305037237,14.669758413500995,3.9510184043874403
109,-1.6780612332152927e-18,-4.2879515342152615e-20,7.913774038848565,0.08063815754229109,14.92766537725059,0.6109994160319133,11.988246533467498,4.781365024546756,15.979953309984285,4.085594419466876
110,-3.820115653370626e-18,-1.1296358611434001e-19,9.597126409184844,0.04482189757146992,14.633195255607868,0.4752720946959318,12.263952807033402,5.127963166152456,17.161771381050503,4.126625553249944
111,-6.756511688464996e-18,-2.11388668088778e-19,11.058234486390319,0.017198046089330673,14.37674495766372,0.40266146451294543,12.677386371373,5.405055997008307,18.069182893002647,4.056864110495023
112,-1.0513573934286899e-17,-3.401987406350866e-19,11.81893689784921,-0.0022888855822744913,14.227293939052343,0.38485833477220954,13.22031463442973,5.680932707417417,18.65242364241177,3.879366394025193
113,-1.4920934869684534e-17,-4.952842516778905e-19,11.565290617652725,-0.014466309178794734,14.195626136457822,0.4354733409698092,13.781737546822045,5.964974426014764,19.033315003061947,3.683297167364878
114,-1.9650437009923303e-17,-6.673919483545722e-19,10.179701615584825,-0.02023088065669658,14.25309993999328,0.5702886755138344,14.243832215337548,6.248365141644539,19.30864111912557,3.566571369660684
115,-2.3939455132877805e-17,-8.328473060985431e-19,8.165753497493487,-0.01998430979921557,14.27156707243807,0.7918529322535635,14.564251828765418,6.508408345655956,19.303451639115462,3.575996181846599
116,-2.6742447095419445e-17,-9.583068232433957e-19,6.098781707894619,-0.013863984410057314,14.128167025430738,1.0980318335448713,14.728205144320324,6.7296201601186345,18.8508307201661,3.731910399628376
117,-2.631667080779748e-17,-9.861723614274082e-19,4.219951409911915,-0.0014449505480388523,13.820697033380286,1.4811932143288207,14.75564711091735,6.939247727478861,18.087735049558358,3.999887036011449
118,-2.055341549959827e-17,-8.456001815724982e-19,2.6626597040653364,0.017850516321319704,13.391394215412554,1.9146511423057526,14.69854696996972,7.149323220619388,17.232404237195922,4.317542952996796
119,-6.577295624378849e-18,-4.370187784304592e-19,1.4634017218522284,0.04464888136079679,12.939597486750252,2.3010025036279207,14.702184941182807,7.2682879137921725,16.52433705332751,4.565436191267903
120,1.8726809893430123e-17,3.4951290255116377e-19,0.6220669693262268,0.07926269487119493,12.589482641148939,2.5382748750895163,14.890041912723438,7.189202807118466,16.165253518065885,4.629418403360603
121,5.866628946987347e-17,1.6366863469716742e-18,0.08902441978883813,0.12070010707711311,12.507471190398817,2.5769357776005566,15.205090468312083,6.8471987028275105,16.184499490635122,4.473574510537607
122,1.1616980340443646e-16,3.5384758553610005e-18,-0.1979753806205054,0.1667677488983783,12.81542340252464,2.400394520769049,15.550300794130013,6.2187828404536205,16.544100322941535,4.105600296108736
123,1.9245883218989e-16,6.1212365569247015e-18,-0.30213506165850906,0.21177057411193234,13.414708852454869,2.0713876248791188,15.849141790648115,5.403898406643382,17.10917349850902,3.62940172284538
124,2.869272864862602e-16,9.39486837684607e-18,-0.28457633965728757,0.2475848268952895,14.139940072253726,1.6698328302134116,16.023673065869655,4.542416540254714,17.721839698920014,3.169013788425251
125,3.9336597742930264e-16,1.3191069595543486e-17,-0.1971441013544504,0.25987359017113515,14.779192115624827,1.2650455463725443,15.969818343637852,3.8104842418786515,18.22914026637351,2.832777450689793
126,5.0130131941046545e-16,1.72009625320818e-17,-0.08517501239182816,0.2381521963998628,15.14769447825655,0.91529633711439,15.60095620824604,3.360206694875227,18.482531774271905,2.703438845914803
127,5.888052393682351e-16,2.0731567304876597e-17,0.022750316377363924,0.19355813744752573,15.215831902136895,0.6452787135078717,14.926420569948078,3.2112459519473955,18.346211060214586,2.7770588639497746
128,6.267988180793105e-16,2.2842932539339708e-17,0.10641603433637145,0.1412136054708733,15.030085717791248,0.4663433192455935,14.011909676692541,3.3256125929273423,17.769811846067782,3.0067357195859876
129,5.690542391262e-16,2.1991323089517027e-17,0.16230927702565984,0.09055743438378308,14.786168363594827,0.3700463812038509,13.05262380124634,3.567154436821267,17.031975126567914,3.2604021738081657
130,3.6091137341469727e-16,1.6321885556474e-17,0.19436494111345873,0.04895232894126892,14.66865747558359,0.3404936964613239,12.259499859370068,3.7841728769142438,16.466277730058337,3.4003124638742244
131,-6.88702616620732e-17,3.339077300720345e-18,0.2196059816218299,0.021139835505762886,14.66836037258662,0.35178375972255066,11.776919313980686,3.860946364432817,16.297032546439926,3.351172185941395
132,-7.951797168274909e-16,-1.963728790660969e-17,0.25552013336176144,0.011049091255861511,14.747331615363338,0.3760727668432164,11.682749191020228,3.7337035066792934,16.64143289914288,3.093300179775166
133,-1.8909199617583114e-15,-5.53852814113289e-17,0.3083661919461133,0.021980755027400708,14.946385049601368,0.38775502065774,11.855354221374649,3.51049647731757,17.297457784157128,2.767016900674713
134,-3.414738821897175e-15,-1.0630449704462796e-16,0.3806146171321779,0.056928920848050485,15.302227770133632,0.3685716464802001,12.129196614400202,3.3390787044412242,18.028334132697577,2.5334139376687244
135,-5.370249626796945e-15,-1.7318273346226398e-16,0.47081146445310657,0.1182899018555768,15.756380583446132,0.32741295256458625,12.36263078839046,3.35418506750097,18.77749494431928,2.4766657991702097
136,-7.708218705688667e-15,-2.5514434221404137e-16,0.569274762289907,0.2074128896553211,16.22569005953388,0.2792828398430238,12.436122584295266,3.6635899009131996,19.507287481823397,2.6454928781305966
137,-1.022305888240599e-14,-3.462716816013915e-16,0.6373348346391535,0.3220563706128338,16.623492110774794,0.23649039702026964,12.294691324752295,4.280243907599932,20.075509992655313,3.0237161862706605
138,-1.2595669919121726e-14,-4.368657961134658e-16,0.6420002045764576,0.45687402518791154,16.863447964657,0.21067234620817765,11.953268070322563,5.175666142455958,20.32621090338128,3.5742351365695404
139,-1.4209252836762913e-14,-5.071444682386778e-16,0.6019798958780179,0.5976910154571323,16.864030766726454,0.21347075537435614,11.641877351572663,6.250472699761581,20.152988372406828,4.241162128270502
140,-1.4269117318472973e-14,-5.311119713130096e-16,0.561872934994003,0.7232655240299498,16.57781485618268,0.25729285759526177,11.587424635627173,7.385846759773215,19.512707570555932,4.9321683953759825
141,-1.1566706437506716e-14,-4.680018040634565e-16,0.6181378583698721,0.7929163340305357,16.088967428781608,0.35760120052698824,11.789245665837008,8.456142807266222,18.565751986487058,5.427947524660999
142,-4.705724748597766e-15,-2.699455824949674e-16,0.8725333220186373,0.7758073678428357,15.550795589512115,0.5275048886069499,12.207609020073843,9.37176394501697,17.56106360518834,5.535175321643206
143,8.047210657716186e-15,1.2456183366670623e-16,1.3961589502282299,0.6999225043751619,15.261573223738598,0.7676439388181948,12.87408433806605,10.194136443286872,16.898300079132284,5.291434114038208
144,2.8451297065119e-14,7.795322377929508e-16,2.2411799292343795,0.6048447988600859,15.486741214111719,1.0810234962161884,13.827296681767574,11.012056159875574,16.934118241872756,4.8058448935728535
145,5.803190178998487e-14,1.7553672793645044e-15,3.4146827247890985,0.5177340553028393,16.215441652051826,1.492578305600431,15.062791740177884,11.872774135250523,17.7024559838049,4.242776785821001
146,9.783363797531433e-14,3.098793263126121e-15,4.895220827048344,0.45904594612689886,17.3254322954056,2.029109613736997,16.576064728314844,12.791935944786555,19.10859809021944,3.7605020766699164
147,1.4721193203792277e-13,4.8054452587692595e-15,6.592294544267579,0.4348428686560573,18.525232358955414,2.702955075514229,18.40548833822429,13.700310120820218,20.86593586914818,3.4376575594134726
148,2.0402835408744267e-13,6.82320767761528e-15,8.321507555054769,0.44220990580477315,19.48752480815675,3.503151377472981,20.490042678253758,14.537359050122689,22.613026489504218,3.3280135642833026
149,2.6185823573096314e-13,8.960053532558576e-15,9.591930201328486,0.4567161579498525,19.91088615422196,4.339994924641936,22.328260044929692,15.3621975802421,23.880984040984938,3.4655100618554644
150,3.1129892252783395e-13,1.0923747289041262e-14,9.941941603628315,0.45613483953158623,19.59054011066435,5.0943149529506355,23.452104801311073,16.180724538552905,24.25649318849346,3.8791614395210443
151,3.3532205434899997e-13,1.2161130621123629e-14,9.333689333667522,0.4485716037818598,18.682405654444374,5.607812303444339,23.967717388408445,16.66632221095809,23.655963976971957,4.598110111586807
152,3.125509849381411e-13,1.1965259848617972e-14,7.9112188385757225,0.4573991162812271,17.46236890473664,5.740761199771859,24.106658897566625,16.52014775656315,22.183010697094605,5.617196672345446
153,2.118416292182836e-13,9.274972665726477e-15,6.12239861597425,0.5367256532133257,16.325489286125194,5.46685779088047,24.027996943515866,15.886974368755046,20.36033924242474,6.7939264091177005
154,-1.9359808877126124e-15,2.8729710295323246e-15,4.415762404768241,0.7421021126633841,15.613730572624283,4.832095862111362,23.805961023810738,15.036238996700902,18.7187688235715,8.021680988379945
155,-3.700879066369983e-13,-8.7283674257472e-15,2.9386818585063805,1.1041142697199129,15.337500630559473,4.058237819082913,23.24792164391743,14.29241757840698,17.402480316438197,9.474682900203023
156,-9.327732257477831e-13,-2.702081424741454e-14,1.7501296521216518,1.6396870123633782,15.377891944143338,3.3816389496161854,22.179896942345355,13.939585663788165,16.45731002098627,11.317345917628684
157,-1.7193869886024913e-12,-5.3242413385984816e-14,0.8566446314407073,2.336066803138778,15.430291376825195,2.9212574500657977,20.76935458186512,14.045178261554502,15.922354268115567,13.394008121987726
158,-2.744120245711314e-12,-8.818032239275412e-14,0.24319391961175918,3.155963352248805,15.189711134588086,2.7443658097876096,19.21167763818872,14.534207020120483,15.774105531918158,15.488971617772199
159,-3.971112075431166e-12,-1.3107188081892522e-13,-0.13910842182426977,3.993617785962283,14.535370414313252,2.828890781608947,17.47246131453266,14.978630687923088,15.745380828316769,17.466470293829857
160,-5.323081494733868e-12,-1.7981288532509813e-13,-0.34599459064112476,4.696913089006314,13.474031194838927,3.11573076106131,15.552440589124469,14.96002365032697,15.606014666043558,19.150320567946274
161,-6.607119247204082e-12,-2.284827790095533e-13,-0.42672876026385914,4.996768263874943,12.338419591933112,3.4870164510214434,13.82269741273122,14.451475740385055,15.517586983237853,20.122737189302555
162,-7.553304633809079e-12,-2.6854345496688597e-13,-0.4260123460132343,4.693474110830202,11.497261272914367,3.832233493643716,12.684951740324994,13.55117840193336,15.707445989936861,19.96671332852693
163,-7.699299458433723e-12,-2.8480295983926956e-13,-0.37676375514153343,3.9817726034391403,11.137315974373788,4.12905498084773,12.29312857115829,12.466214074251969,16.274267554362172,18.50995751064055
164,-6.478589054668955e-12,-2.583318569067918e-13,-0.30616881891651465,3.12582109555622,11.332795625349378,4.37285187663599,12.680077953036756,11.387457015239702,17.160721456063253,15.814485721901503
165,-3.1003703720124937e-12,-1.6190462245361858e-13,-0.23026607273630884,2.272987288880539,11.889686855394274,4.54159918357739,13.64214508369821,10.332057761826212,17.814125461716653,12.634828439122666
166,3.3048514346879107e-12,3.4958571829340276e-14,-0.1606428090565226,1.524952322651955,12.563424684955988,4.62199800841652,14.935744449393995,9.30809226650031,17.70213336623878,9.76254707043274
167,1.369705000509162e-11,3.674586856282946e-13,-0.10222864443228379,0.9174407384286768,13.175462997544498,4.653049836034378,16.39407254049762,8.461061864956564,16.869095090378362,7.44481225866883
168,2.8959185744836092e-11,8.693046834320858e-13,-0.057541593137889216,0.46299646287300933,13.563794933770497,4.67352711319637,17.833164270670583,7.935525883336809,15.583960401477972,5.767648681345751
169,4.957568732896498e-11,1.5635164175629921e-12,-0.026110936224777087,0.14739756074516472,13.566551799585302,4.668985756069132,18.923626242604463,7.734850226366033,14.437382327423283,4.716887919980344
170,7.557053468456513e-11,2.4590625829927325e-12,-0.00652982797929952,-0.051336414118732486,13.053085146525135,4.634244595103738,19.358878178799305,7.776518853490682,13.961934621710526,4.220147879426301
171,1.0552444447748978e-10,3.519396357457357e-12,0.0033643511496778715,-0.1594540896768236,12.01748934312532,4.654390648487767,19.069020591959013,7.77568136445987,14.136170679735141,4.072384853882632
172,1.368891382124333e-10,4.670972843654962e-12,0.005899121512654253,-0.203110378754411,10.539405593972953,4.8083033417110626,18.117852037617073,7.471257670128725,14.734906691471812,4.055866238268033
173,1.6404362001068808e-10,5.737770361367505e-12,0.0033058328201013717,-0.2038171518511756,8.915919630863108,5.059763541735997,16.86728245242146,6.899583285473726,15.272030383312945,4.034765441034579
174,1.7940430857708576e-10,6.4763725498792684e-12,-0.002233642108040756,-0.1804410864035841,7.435125051310243,5.354312939833321,15.699947960289277,6.192293535020565,15.298170980113058,3.9353459741655112
175,1.7060999833401817e-10,6.476261109399968e-12,-0.008639167373931557,-0.14591112992086766,6.131702388498396,5.679635083034749,14.783278053099686,5.564807377370442,14.771852164157371,3.850325750235333
176,1.2286242552696743e-10,5.2379757983292865e-12,-0.013788444600776977,-0.11060959339947732,5.000619596044012,6.013461570619741,14.214890646702086,5.252211932328776,13.774406707932629,3.8980002863705994
177,1.639271797621795e-11,2.073390546901312e-12,-0.015288788573868492,-0.0806699717119846,4.131407373623844,6.251574355097714,14.028363984865099,5.484483330442454,12.470509287301118,4.132521117314808
178,-1.699312899461411e-10,-3.767924885357075e-12,-0.010585838735020779,-0.060576651299768844,3.6086865158704353,6.291531450019093,14.17809507152159,6.440769670219103,11.019362452124236,4.559297073717215
179,-4.577243292356052e-10,-1.3096951593582298e-11,0.00325108000994477,-0.05246640100332215,3.402875451179298,6.119944759868323,14.365795623342242,8.10201791126788,9.474938344884235,5.05291015223316
180,-8.653915652731976e-10,-2.664453343868848e-11,0.029287511672237816,-0.05750653554245794,3.454244272612521,5.7696741845107296,14.280125640865377,10.431828829989126,7.864393310558876,5.473137869815597
181,-1.3980173356144675e-9,-4.476041449003727e-11,0.07075216139519906,-0.0753341707551623,3.6966720981355214,5.369517714401168,13.810223547362002,13.522619608846394,6.212850911487102,5.75136665860184
182,-2.0471803149286083e-9,-6.737328812930612e-11,0.13016133569972563,-0.1046586899969215,4.080102682696413,5.037699537665889,12.949131750637198,17.47406540080768,4.571746690001589,5.821230808629011
183,-2.7637573541648626e-9,-9.310874477898822e-11,0.20701858548480917,-0.14200874557504947,4.62512930427077,4.754210542527235,11.905030173899616,22.286056834795566,3.099796891048816,5.55374712634912
184,-3.468329906147568e-9,-1.1958879335397565e-10,0.2994520714447291,-0.18232272691901188,5.376571799871674,4.488867651307404,10.848396456901614,27.759978822160132,1.9620939490674136,4.87507290190252
185,-4.000999654921456e-9,-1.4172421969794208e-10,0.40310114907682926,-0.21635870299505605,6.4055067196348885,4.309025222631918,9.58376159016673,33.00297792800723,1.2419543538507798,3.994544843767956
186,-4.152615428561384e-9,-1.527160903841368e-10,0.5067662461622279,-0.23229633168030792,7.74731009733402,4.288316793430327,7.92216324733378,36.98651964284627,0.992554240465061,3.164097553254797
187,-3.5974944000424554e-9,-1.4163781797533428e-10,0.5743808848140938,-0.21218194695863346,9.268299188171497,4.427955177544938,6.06661248373139,38.83358350504586,1.2282842697124328,2.522877784656394
188,-1.9546138264019116e-9,-9.549922623511787e-11,0.5748317549972979,-0.1348270383363048,10.810761097676323,4.692199094591812,4.2899110756499,38.040230050688514,1.945426172910064,2.165272113264671
189,1.2618770439746808e-9,2.8165622592187033e-12,0.5216851237514694,0.027762958697519755,12.28992111125497,4.969911610369271,2.75205030153671,35.44332975885299,3.1066114376990575,2.119414245381874
190,6.554883615073128e-9,1.7143874483382652e-10,0.4510684888735978,0.3045053406921799,13.623308649030049,5.134054452272969,1.560688060479716,32.09210750712008,4.642037537188536,2.3838413705436183
191,1.4390701891713057e-8,4.284190972423464e-10,0.44467469411535826,0.7212022783338938,14.66473149011133,5.069379647905628,0.7269592319717273,28.54439582408241,6.385816130035749,2.904957480208701
192,2.5121760647437238e-8,7.886728994106826e-10,0.5895566955408759,1.2997761328815383,15.22717953033969,4.699259087269407,0.24156216550219986,25.25039607999299,8.108007515634613,3.595465626113102
193,3.868162912984719e-8,1.2546468695263034e-9,0.9486425525093934,2.0497451537477454,15.024092773493345,4.089753809757144,0.10997211014226344,22.721177360734686,9.418552370777544,4.285398299178362
194,5.4617603972401654e-8,1.8165385083555188e-9,1.571042078602515,2.9546427102253223,13.907720778795419,3.342156928841322,0.34429407986667476,21.377766733190885,9.992656502752046,4.8098481704326534
195,7.13507508779297e-8,2.428017008718444e-9,2.4747170009961734,3.906466762974019,12.385101219311338,2.556000704922304,0.9683752486830259,21.220155472617193,9.926705863427422,5.106819192145125
196,8.650112900869281e-8,3.015943495787142e-9,3.658151111318428,4.783151825861634,11.053898759568009,1.822871454330629,2.0026163046515726,21.96479560130791,9.44114190670002,5.1800954753973345
197,9.561100229531199e-8,3.436475132087666e-9,5.0730645454114995,5.497914034221216,10.219497916096012,1.2043325701896492,3.441889832010384,22.615017921339895,8.831447949992517,5.193670485279514
198,9.300696046228527e-8,3.5030702740856896e-9,6.598289391234123,5.969740559118314,10.04563228205245,0.7433565827972574,5.244182356625059,22.17967217270666,8.342415428471831,5.348073877374753
199,7.023069164125841e-8,2.9290960166513634e-9,7.867869200997127,6.1054210930833035,10.421711905096855,0.4385754943566302,7.245464274693756,20.402805067285545,7.941026384755446,5.829770715228936
200,1.761590194158483e-8,1.381557344655961e-9,8.512566219073886,5.848263646492929,11.160890556528226,0.2783747524736955,9.226754497227446,17.37583583490766,7.541624066497327,6.775072681073362
201,-7.655072902369862e-8,-1.5578979354291727e-9,8.394805994236352,5.299846979644805,12.045620447700927,0.254494114459948,10.871282124156393,13.844476805335207,7.125805934046613,8.13374252391821
202,-2.2393786983657588e-7,-6.317649787027945e-9,7.5181999865403935,4.591771883992853,12.841321666243118,0.35845771186511516,11.964850261205076,10.563815617715926,6.729644755003841,9.777942239486293
203,-4.339885553627974e-7,-1.3280832074745355e-8,6.2194399967790535,3.8174565256953725,13.275987364822823,0.577572863486278,12.801347848355622,7.672148048808589,6.539860313279945,11.455979743572065
204,-7.124311568270863e-7,-2.2722625138141575e-8,4.878946893067524,3.063750723869989,13.122653217613378,0.8903187854102174,13.739833643584277,5.183659943109537,6.773415614556004,12.848678169599927
205,-1.05236102460629e-6,-3.45316413154164e-8,3.7189774720724653,2.4294135347672583,12.371951919769591,1.2440790956351584,14.891959842586115,3.2328892784542935,7.617599535283367,13.49077560144239
206,-1.4360549358445482e-6,-4.8248496859979616e-8,2.896643039009228,1.998466281175808,11.124174214851477,1.5859957157237528,16.281783535966227,1.9525910366229315,9.17909696692626,13.067152633961074
207,-1.8151483956030422e-6,-6.240839168744146e-8,2.466637004736472,1.7840701149036076,9.700646019058464,1.893339379584917,17.830387956251077,1.348036081834504,11.271850990230254,12.009344955525892
208,-2.120401371721492e-6,-7.484081951321044e-8,2.4407804139082594,1.7648031734564325,8.400241310275288,2.1476849751700735,19.459023650250604,1.3872442515680015,13.642584027371704,10.865462682087276
209,-2.229712955236728e-6,-8.155786558968784e-8,2.761822740716954,1.8517717081119451,7.210991140488546,2.3176951942544144,21.192584279987464,2.016715393903161,16.061877676968805,9.903258546409406
210,-1.991529358544953e-6,-7.752335814294353e-8,3.331418517764576,1.9453026390843875,6.053191349600447,2.371325341138649,23.05596643467531,3.1536403816827683,18.28213983031005,9.267611701870841
211,-1.1893461562827668e-6,-5.5325505756729e-8,3.955914081753461,1.9700774485624317,4.887039855073817,2.2866133664017942,24.97043529707915,4.6194941762010595,19.959224372923355,8.892264367493906
212,4.182501609486464e-7,-6.555416404898778e-9,4.419496859189878,1.8877844305431744,3.706704410658796,2.0589846500006947,26.801465107296554,6.218772241629743,20.75388663278525,8.648463553782474
213,3.1073588009301618e-6,7.880858473596217e-8,4.513026831695509,1.783784564282976,2.6023300376941845,1.7433316431251975,28.29499774120389,7.783767965198961,20.443041713427327,8.368612371522847
214,7.140151237255656e-6,2.1061841220854303e-7,4.108084553477474,1.7571105005836514,1.6706579320154697,1.4015432884507941,29.18636013866236,9.136184545656334,18.97135887197256,7.881830141108406
215,1.2688402308388949e-5,3.9643415663536047e-7,3.3924603139692566,1.8378088911695483,0.9388367198562202,1.0640274233625504,29.287951859693646,10.02756650476096,16.838364204354356,7.042944921078415
216,1.980894368576153e-5,6.403579198997564e-7,2.6022127038814746,2.026478539590656,0.40936956922920964,0.7529158453077242,28.554684464840253,10.323015822917462,14.643493270801926,5.792774611824546
217,2.8189231007806726e-5,9.349516728485853e-7,1.8502637838068443,2.274912855777017,0.055770384865880186,0.48871729727273266,27.43444489656728,10.412022992101125,12.830962649916955,4.390387743002
218,3.72191730761101e-5,1.2630865912832052e-6,1.2069239663084326,2.505724870107798,-0.1559858002191824,0.2879551617570399,26.3907855730052,10.735462267534757,11.755229516944523,3.1329941004890474
219,4.546786737786647e-5,1.5804108018595583e-6,0.695193601948363,2.5736114883786816,-0.26109017659766975,0.15283443377302916,25.45694543302329,11.41535444586065,11.566932415330157,2.152117865792267
220,5.0968164286609094e-5,1.8242603107948876e-6,0.32074475896596444,2.3669637087189614,-0.29315381926084855,0.08087550348896055,24.499023383659694,12.48541225566815,12.290980913253616,1.5260599343968804
221,5.0428737035615806e-5,1.8859456916970588e-6,0.06724643831031586,1.9768650231758778,-0.27830111729202034,0.06517872918367211,23.14487168388936,13.944969611915301,13.653187309631189,1.2859136620743536
222,3.9859936955307224e-5,1.6315365886472536e-6,-0.08750190258543415,1.5305487023009883,-0.2387502488736285,0.09726243758040067,21.051415962303913,15.737115429709654,15.346575692447551,1.4370784649738775
223,1.380300490493041e-5,8.721643602292882e-7,-0.16717591306160942,1.0971546367451657,-0.1885812344926483,0.1667368610693997,18.23012197402502,17.61433743838803,17.232114575224443,1.9293855404692992
224,-3.3668929721814344e-5,-6.011350994205203e-7,-0.19463426390708574,0.7233485663267039,-0.1384689077036054,0.2615284145190903,14.878215404586053,19.235309721477126,19.18637364480539,2.701198259971399
225,-1.0888607292224015e-4,-3.0227694684584925e-6,-0.18799260493147477,0.4239930074342531,-0.09360551202669536,0.3647363370435475,11.581421534637107,20.074052965033868,20.980382855783997,3.700576909814038
226,-2.1748733509524982e-4,-6.611521072160103e-6,-0.16280331396751868,0.20290481694353746,-0.05713075458457911,0.45557464218043403,8.929529795739464,19.692473844043,22.351978452896265,4.842224504796871
227,-3.619431088550911e-4,-1.1498227251984816e-5,-0.1291087019197456,0.05152143710821604,-0.029456786944109737,0.5025436169161104,7.140086627982268,18.188676386670327,23.011761573697665,5.897718058659649
228,-5.412973364813693e-4,-1.7708055323028924e-5,-0.09463599066933055,-0.042186102160629145,-0.010099726064058161,0.48240136379122267,6.279727100295883,15.837320520879361,22.756166380240835,6.650747741082056
229,-7.440566766997743e-4,-2.4931437478752056e-5,-0.06336211293224946,-0.09173300570016195,0.002280893973324979,0.41565097411486407,6.183683788447641,13.08309242064339,21.75219423974774,7.076582346563417
230,-9.506769024879207e-4,-3.2593632114484e-5,-0.037864627922198066,-0.11033842066591848,0.009223034346828014,0.3306827193285112,6.626043710022457,10.355025742122832,20.25244832170237,7.2585485277178945
231,-0.0011199475273850376,-3.93939375546718e-5,-0.01887389000894983,-0.10855102873867749,0.012198054402874714,0.24369060263472933,7.36771414303861,7.849517824216891,18.48137179946751,7.520625744799366
232,-0.0011970869605349049,-4.3563337056686235e-5,-0.006521331299095103,-0.09546128857981188,0.012571808906557189,0.16605185100123132,8.17565348612355,5.6992586659613815,16.61939220707411,8.188807342929609
233,-0.001094695452937889,-4.218551368047563e-5,-3.898996904139469e-4,-0.07699723224782781,0.011354736130005458,0.10207285469523238,8.854204359908097,4.014745224199815,14.699034517346927,9.356489399062282
234,-7.092448001349417e-4,-3.1750073138496554e-5,7.737014752738298e-5,-0.057735793886239874,0.009385750253096846,0.05354780916271374,9.277866417415,2.870549246263627,12.745329071856117,10.985647863502294
235,9.468886602720366e-5,-7.517611950661864e-6,-0.004551387750792273,-0.040011942581463206,0.007173085579659972,0.01929296726522013,9.564383219231457,2.2197346836282614,10.901230248359752,12.74517544812763
236,0.0014598229207891565,3.5613561627323145e-5,-0.013672201839097656,-0.025308910925041467,0.005090088716445434,-0.0027597062051715176,9.872856859899672,1.991693072900908,9.355018100868586,14.20494612771283
237,0.0035261531040464045,1.0296528320403148e-4,-0.02654891922797121,-0.013944950586137496,0.003301235357941196,-0.01523745614980826,10.28457966221733,2.142634087071909,8.358351352216937,14.83184216704494
238,0.006407339141964159,1.991653233942995e-4,-0.0422191029331424,-0.00584560781110528,0.0018947574384433987,-0.02079641119598007,10.866960680775554,2.6175890605084127,8.110862968633683,14.240608665255898
239,0.010114418341131567,3.2584504897373615e-4,-0.058947360934070686,-5.305880774467954e-4,8.627827637438655e-4,-0.021649025181319084,11.70968566908365,3.29005783670176,8.540704221102668,12.74043376884454
240,0.014559149436386929,4.815150964335245e-4,-0.07437594691537464,0.0025856909868780527,1.6713761050817587e-4,-0.019739153843567187,12.83564501547633,4.044170697645278,9.44862178824798,10.815969720860746
241,0.019358799295141223,6.551995849663708e-4,-0.08443065241857944,0.004104122383225687,-2.554537325987464e-4,-0.016379935310563178,13.978270948671753,4.878111170216041,10.397225674499694,8.959282103191759
242,0.02391609180806486,8.287812430286087e-4,-0.08399321699252714,0.004599532396804298,-4.726794363787824e-4,-0.01260758681713306,14.805522366962439,5.771548564691979,10.930618409560305,7.5939293486449255
243,0.02707007082629316,9.650637534295595e-4,-0.06548563435842028,0.004527169818912803,-5.447755215003742e-4,-0.008981359635954774,15.01292300655506,6.51604208007066,10.757009298415909,6.862027954870645
244,0.02732169783545037,0.001015054118220378,-0.020238252127787317,0.004279429095763278,-5.26147607686902e-4,-0.005875886719381118,14.423931891363678,6.882769309803293,9.731760757231129,6.7820031187989525
245,0.02238328489865132,9.016516620665657e-4,0.06232542069890062,0.004116864787129644,-4.553318610149358e-4,-0.0034042937006123755,13.346184358217716,6.749491536435998,8.134740871601078,7.158956769635363
246,0.00960708774153393,5.341607012714937e-4,0.19280732850573512,0.0042371060948934456,-3.635819920878678e-4,-0.0015895579968274814,12.116962015302988,6.089897718718693,6.326620030512141,7.804587603616909
247,-0.014306213837662151,-2.0438680392433702e-4,0.3800043906040013,0.004717920675804846,-2.688913432631856e-4,-3.555714802725196e-4,10.707955243315379,5.154803831121601,4.5667721670853165,8.770304652831198
248,-0.05271559568510212,-0.0014360469622485812,0.6294906761299767,0.005572770479434732,-1.8398083562758634e-4,4.011262441415157e-4,9.045951121606171,4.227345948204323,3.058601798166723,10.13450621328619
249,-0.10856708029717219,-0.003276955802238648,0.9357538785927161,0.00667775617176828,-1.137420734305059e-4,7.943190959111259e-4,7.243714751638127,3.44281352916369,1.8829322313683825,11.843837300820635
250,-0.18391092488301233,-0.005817925651905507,1.2837217655268094,0.007826028211923252,-6.028158024774517e-5,9.345851707633715e-4,5.464925942982704,2.8753311047213566,1.0755417352770726,13.702982879202372
251,-0.2776272788525563,-0.009054394117344612,1.631168776196218,0.008616297515133419,-2.239487379782469e-5,9.09355744940053e-4,3.8909453155346574,2.502210107061022,0.6146096316127101,15.080540984084807
252,-0.3857921653890543,-0.01289204793312509,1.9171194992512048,0.008535916276343274,2.1130924202829274e-6,7.936539482763802e-4,2.6678731358439887,2.2580001843762774,0.4596293058999573,15.436903161527196
253,-0.49643521056822604,-0.016972945069626207,2.0327524491578655,0.0068212413532241735,1.608861592851663e-5,6.360171444664666e-4,1.7830874467584477,2.003016947438245,0.5529493457493199,15.035721927326726
254,-0.5919258966103915,-0.02074967955467985,1.8972165895301965,0.002596216378714414,2.2423559415934358e-5,4.7373106530283017e-4,1.1743353574202893,1.633876791145412,0.8285794233997142,14.322303481383486
255,-0.6400395274217653,-0.023180618410116934,1.5893887547579102,-0.005213872575906229,2.354079521915474e-5,3.255606811127591e-4,0.7395624658523249,1.26663328432827,1.2043183475178134,13.665307790271445
256,-0.6003693807595478,-0.0229317441478097,1.2164198773775714,-0.017695651050375707,2.1574524184065132e-5,2.0327116188417925e-4,0.3860941987347731,1.062658871389822,1.5850825740030117,13.273707302787082
257,-0.41437480809897,-0.01799372824579613,0.8388294117373958,-0.03578473346684427,1.797325154606467e-5,1.0914923771281518e-4,0.09857680849707014,1.145164325091143,1.8404700112578278,12.794370629943057
258,-0.01548911434644188,-0.006057428927758994,0.4993979149040701,-0.060118104283809676,1.3883208030575284e-5,4.2317884030136205e-5,-0.11953310857102842,1.638394607262011,1.8761692798900353,11.83690139922127
259,0.6768246555849448,0.015710237566205605,0.21658183300650247,-0.0902892392227475,9.927221933598328e-6,-1.2765024972095062e-6,-0.26685840648770526,2.708893107648942,1.7775503968252988,10.423947141764556
260,1.7399217592713778,0.05015962673831328,0.0011681798500340972,-0.12497526815053163,6.525011281188977e-6,-2.6472076447961107e-5,-0.3406992583878914,4.5117083857280145,1.6620842433722385,8.716042274577104
261,3.2244604042528433,0.09968623907643974,-0.1424096491164867,-0.16023144625265157,3.8072554490383808e-6,-3.8068618617586134e-5,-0.3309856635655717,7.113611251976826,1.5959637620534124,7.012224854447801
262,5.157463021703526,0.16584477250171545,-0.21024257713454544,-0.19028452095027967,1.804669573058361e-6,-4.057903399685798e-5,-0.22318722837622965,10.51616086930193,1.6419513115746893,5.606868885977167
263,7.49810598737059,0.24728156968262993,-0.19416518385046944,-0.20466908328870465,4.371504804074688e-7,-3.7407098141045186e-5,0.007697838737712702,14.548347559324181,1.900364854161251,4.637188525227608
264,10.109888561819067,0.3401220545644219,-0.08362408561909392,-0.1902803448039415,-4.0628339061586535e-7,-3.140693981178946e-5,0.38851421833494676,18.85812596768393,2.4704270731526927,4.178302041185616
265,12.541447600312448,0.4333163314519678,0.1372296107755555,-0.1281481553707937,-8.493088484004233e-7,-2.434323003173001e-5,0.9430067490655576,22.54187687738514,3.409423932826954,4.214104003072136
266,14.284522403587589,0.51084309462825,0.48490841455462014,0.003187390088523501,-1.0125891588207539e-6,-1.753106459485041e-5,1.689947745074733,24.713070441568785,4.726791052595205,4.655980852614416
267,14.918124459576335,0.543970717929038,0.9732837893890984,0.22927985480093765,-9.920381710072625e-7,-1.1576696119514022e-5,2.6313192643966854,25.105108156560277,6.282499391463192,5.2165102213304815
268,14.25022331731734,0.5114245101361958,1.60723518105341,0.5747073963773287,-8.70158610460749e-7,-6.824908621490452e-6,3.7503819820359108,23.76270894952846,7.911367036281611,5.602163640540066
269,12.917348583081534,0.43446784026318497,2.358315009285803,1.0560528918152436,-7.005581249077269e-7,-3.283454881794455e-6,4.972301296989021,21.3559301278315,9.49706524568636,5.693797050978991
270,11.641110487567703,0.3418131110838795,3.1953489924649596,1.681445367200163,-5.245213519617276e-7,-8.519479723750211e-7,6.2180010829264125,18.587400687321736,10.909008164900388,5.454680575774255
271,10.65488170195386,0.2494308001822128,4.109583069567465,2.4331937255826204,-3.629359665586422e-7,6.6552663632704e-7,7.449534388221461,15.664697997638967,11.91072831370963,5.00335665820151
272,10.052100386171624,0.16829450647242644,5.051125659315452,3.264874173898319,-2.2894567488216626e-7,1.483920262291766e-6,8.628926956139711,12.705352594393023,12.302991173454568,4.48551159818174
273,9.8547042146881,0.10213223937996796,5.78311487881506,4.040952257658356,-1.2511527078491062e-7,1.7988037756739628e-6,9.676966134812032,9.961759303287435,12.141375697130623,4.0001348020687555
274,10.037180926424,0.052122862257106085,6.05849472647433,4.595669620593606,-5.0465824760207544e-8,1.7877608549491967e-6,10.520748727802008,7.652639677433376,11.585877860399895,3.6030425935990134
275,10.455719003579174,0.01649424365220362,5.776403027524783,4.731482960738574,-4.2242619538592134e-10,1.5758068597010504e-6,11.153847755538626,5.72715788947944,10.95934825793616,3.224055859606818
276,10.9326283924344,-0.0074094884256283265,4.931484900580583,4.31890948749877,3.053370159598401e-8,1.2634966139710917e-6,11.58142117089589,4.069023017675978,10.585096629351964,2.7762547813984413
277,11.273004152315073,-0.02282817332037896,3.7542208109630137,3.532493401460096,4.810081848936274e-8,9.061111185248078e-7,11.788490439662493,2.569681143142968,10.625414675003366,2.231752155070162
278,11.330278076515926,-0.03290236613335263,2.4887576931164155,2.5893204947112225,5.754678382203747e-8,5.405870049189269e-7,11.776972385367909,1.1388984884008384,11.148162298823811,1.5878773112576063
279,11.168443781164495,-0.039791517642013906,1.198073011270234,1.572615934171528,6.223837158957141e-8,1.757572511512216e-7,11.63650174959005,-0.24801516129782072,12.004490258312728,0.8837931039637613
280,10.9041353380965,-0.04540980254286739,-0.10014813789980795,0.5321397304680628,6.506708445209683e-8,-1.8657107817027409e-7,11.478642753418924,-1.5993641300173798,12.991372024361045,0.16912076803345286
